{"stats":{"minecraft:killed":{"minecraft:pig":1},"minecraft:custom":{"minecraft:time_since_rest":5325,"minecraft:sprint_one_cm":7220,"minecraft:damage_taken":280,"minecraft:walk_one_cm":34774,"minecraft:mob_kills":1,"minecraft:drop":1,"minecraft:damage_dealt":100,"minecraft:fly_one_cm":4588,"minecraft:interact_with_crafting_table":5,"minecraft:play_time":18062,"minecraft:deaths":1,"minecraft:sneak_time":65,"minecraft:jump":118,"minecraft:leave_game":2,"minecraft:time_since_death":5234,"minecraft:total_world_time":18062,"minecraft:climb_one_cm":162,"minecraft:fall_one_cm":1997},"minecraft:killed_by":{"minecraft:creeper":1},"minecraft:used":{"minecraft:stone_pickaxe":29,"minecraft:wooden_pickaxe":3,"minecraft:stone_axe":15,"minecraft:crafting_table":1,"minecraft:acacia_sapling":1},"minecraft:picked_up":{"minecraft:coarse_dirt":1,"minecraft:crafting_table":1,"minecraft:jungle_log":6,"minecraft:acacia_log":10,"minecraft:porkchop":1,"farmersdelight:tomato_seeds":5,"farmersdelight:tomato":2,"minecraft:wheat_seeds":3,"minecraft:jungle_sapling":1,"minecraft:acacia_sapling":1,"minecraft:cobblestone":32},"minecraft:dropped":{"farmersdelight:tomato":1},"minecraft:crafted":{"minecraft:crafting_table":1,"minecraft:stick":16,"minecraft:wooden_pickaxe":1,"minecraft:stone_pickaxe":1,"minecraft:furnace":1,"minecraft:acacia_planks":40,"minecraft:stone_axe":1},"minecraft:mined":{"minecraft:coarse_dirt":1,"treechop:chopped_log":4,"minecraft:crafting_table":1,"gravestone:gravestone":1,"minecraft:grass":12,"minecraft:vine":1,"minecraft:tall_grass":3,"minecraft:stone":32,"farmersdelight:wild_tomatoes":5,"minecraft:fern":2}},"DataVersion":3465}