{"stats":{"minecraft:killed":{"minecraft:zombie_villager":1,"minecraft:skeleton":1,"minecraft:zombie":1,"alexsmobs:fly":1,"minecraft:enderman":1},"minecraft:custom":{"minecraft:interact_with_furnace":12,"minecraft:mob_kills":8,"minecraft:interact_with_crafting_table":8,"minecraft:open_barrel":12,"minecraft:leave_game":2,"minecraft:time_since_death":12755,"minecraft:sleep_in_bed":1,"minecraft:climb_one_cm":1035,"minecraft:time_since_rest":371,"minecraft:sprint_one_cm":33091,"minecraft:damage_taken":1480,"minecraft:walk_one_cm":206834,"minecraft:drop":7,"minecraft:damage_dealt":1073,"minecraft:talked_to_villager":2,"minecraft:fly_one_cm":23719,"minecraft:open_chest":1,"minecraft:sneak_time":4213,"minecraft:crouch_one_cm":8694,"minecraft:play_time":71475,"minecraft:deaths":4,"minecraft:walk_under_water_one_cm":263,"minecraft:jump":696,"minecraft:walk_on_water_one_cm":3096,"minecraft:total_world_time":71475,"minecraft:fall_one_cm":15535},"minecraft:killed_by":{"minecraft:creeper":1,"minecraft:zombie":2},"minecraft:broken":{"minecraft:stone_pickaxe":1,"minecraft:stone_hoe":1,"minecraft:iron_hoe":1},"minecraft:used":{"minecraft:stone_sword":10,"minecraft:stone_pickaxe":255,"minecraft:spruce_planks":3,"minecraft:wooden_pickaxe":3,"minecraft:iron_sword":7,"minecraft:stone_hoe":131,"minecraft:torch":72,"minecraft:glow_berries":58,"minecraft:crafting_table":6,"minecraft:iron_hoe":302,"minecraft:wooden_axe":15,"minecraft:iron_axe":29,"minecraft:iron_pickaxe":21,"iceandfire:silver_hoe":266,"minecraft:cobblestone":49,"minecraft:purple_bed":2,"alexsmobs:animal_dictionary":1},"minecraft:picked_up":{"minecraft:coarse_dirt":9,"minecraft:crafting_table":4,"minecraft:clay_ball":108,"minecraft:moss_carpet":4,"minecraft:raw_copper":3,"minecraft:bone":3,"minecraft:wheat_seeds":3,"minecraft:raw_gold":6,"minecraft:moss_block":4,"minecraft:raw_copper_block":1,"minecraft:furnace":2,"minecraft:stick":16,"minecraft:raw_iron":28,"minecraft:pumpkin":24,"minecraft:torch":20,"minecraft:gravel":2,"minecraft:spruce_sapling":15,"minecraft:spruce_log":29,"minecraft:arrow":1,"minecraft:purple_bed":2,"minecraft:rotten_flesh":1,"alexsmobs:maggot":2,"minecraft:jack_o_lantern":2,"minecraft:glow_berries":38,"minecraft:coal":78,"iceandfire:raw_silver":10,"minecraft:cobblestone":144},"minecraft:dropped":{"minecraft:rotten_flesh":1,"minecraft:torch":1,"minecraft:wooden_axe":1,"minecraft:wooden_shovel":1,"gravestone:obituary":1,"minecraft:wooden_pickaxe":1,"minecraft:spruce_sapling":3},"minecraft:crafted":{"minecraft:wooden_shovel":1,"iceandfire:silver_ingot":18,"minecraft:crafting_table":4,"minecraft:spruce_planks":96,"minecraft:wooden_pickaxe":2,"minecraft:air":0,"minecraft:iron_axe":1,"minecraft:iron_hoe":2,"minecraft:stick":52,"minecraft:iron_ingot":40,"minecraft:iron_pickaxe":1,"minecraft:stone_pickaxe":2,"minecraft:wooden_axe":1,"minecraft:stone_sword":1,"minecraft:gold_ingot":17,"minecraft:torch":60,"minecraft:stone_hoe":1,"iceandfire:silver_hoe":1},"minecraft:mined":{"iceandfire:silver_ore":6,"minecraft:sculk_vein":49,"minecraft:jack_o_lantern":2,"minecraft:clay":27,"minecraft:crafting_table":4,"gravestone:gravestone":2,"minecraft:torch":6,"minecraft:cave_vines_plant":3,"iceandfire:deepslate_silver_ore":4,"minecraft:tall_grass":1,"minecraft:copper_ore":1,"minecraft:deepslate_coal_ore":5,"minecraft:spruce_leaves":17,"minecraft:deepslate_gold_ore":6,"minecraft:moss_block":3,"minecraft:sculk":665,"minecraft:wall_torch":8,"minecraft:purple_bed":2,"minecraft:furnace":2,"minecraft:iron_ore":8,"minecraft:spruce_log":9,"minecraft:pumpkin":24,"minecraft:moss_carpet":1,"treechop:chopped_log":2,"minecraft:grass":4,"minecraft:deepslate_iron_ore":20,"minecraft:coal_ore":56,"minecraft:cave_vines":4,"minecraft:gravel":2,"minecraft:raw_copper_block":1,"minecraft:stone":145}},"DataVersion":3465}