{"stats":{"minecraft:mined":{"alexscaves:spelunkery_table":1,"iceandfire:silver_ore":16,"minecraft:sculk_vein":49,"minecraft:jack_o_lantern":2,"minecraft:powder_snow":23,"minecraft:cave_vines_plant":4,"minecraft:clay":50,"minecraft:crafting_table":5,"minecraft:torch":12,"gravestone:gravestone":4,"minecraft:grass_block":2,"unusualprehistory:plant_fossil":19,"iceandfire:deepslate_silver_ore":4,"minecraft:copper_ore":1,"minecraft:tall_grass":10,"minecraft:cobblestone":11,"minecraft:deepslate_coal_ore":6,"minecraft:spruce_leaves":17,"minecraft:deepslate_gold_ore":6,"minecraft:moss_block":9,"minecraft:sculk":665,"minecraft:wall_torch":11,"minecraft:big_dripleaf":2,"minecraft:purple_bed":2,"minecraft:oak_trapdoor":1,"minecraft:furnace":2,"minecraft:iron_ore":34,"minecraft:sweet_berry_bush":31,"minecraft:deepslate_lapis_ore":2,"minecraft:big_dripleaf_stem":1,"minecraft:spruce_log":9,"treechop:chopped_log":3,"butcher:sulfurore":10,"minecraft:moss_carpet":1,"minecraft:pumpkin":24,"minecraft:tnt":1,"minecraft:grass":11,"minecraft:coal_ore":77,"minecraft:cave_vines":5,"minecraft:deepslate_iron_ore":47,"minecraft:gravel":2,"minecraft:cobweb":2,"minecraft:azalea":1,"minecraft:raw_copper_block":1,"minecraft:stone":218,"minecraft:small_dripleaf":1,"minecraft:deepslate":135,"minecraft:fern":1},"minecraft:picked_up":{"minecraft:crafting_table":5,"minecraft:coarse_dirt":9,"minecraft:clay_ball":196,"minecraft:lapis_lazuli":15,"minecraft:dirt":1,"minecraft:oak_trapdoor":1,"minecraft:moss_carpet":5,"minecraft:raw_copper":3,"minecraft:bone":3,"minecraft:wheat_seeds":3,"minecraft:cobbled_deepslate":124,"minecraft:raw_gold":6,"minecraft:azalea":1,"unusualprehistory:plant_fossil_item":19,"minecraft:moss_block":8,"minecraft:raw_copper_block":1,"minecraft:furnace":2,"minecraft:stick":17,"minecraft:raw_iron":81,"minecraft:pumpkin":24,"minecraft:sweet_berries":75,"minecraft:big_dripleaf":7,"minecraft:torch":29,"minecraft:gravel":2,"minecraft:spruce_sapling":15,"minecraft:spruce_log":36,"minecraft:tnt":1,"butcher:sulfur":27,"minecraft:arrow":1,"minecraft:purple_bed":2,"minecraft:rotten_flesh":2,"minecraft:tropical_fish":5,"alexscaves:spelunkery_table":1,"alexsmobs:maggot":2,"minecraft:jack_o_lantern":4,"minecraft:glow_berries":45,"minecraft:coal":100,"iceandfire:raw_silver":20,"minecraft:cobblestone":228},"minecraft:custom":{"minecraft:interact_with_furnace":12,"minecraft:mob_kills":13,"minecraft:interact_with_crafting_table":12,"minecraft:open_barrel":16,"minecraft:interact_with_loom":3,"minecraft:leave_game":3,"minecraft:time_since_death":30518,"minecraft:sleep_in_bed":1,"minecraft:climb_one_cm":4570,"minecraft:time_since_rest":30591,"minecraft:sprint_one_cm":60433,"minecraft:damage_taken":2221,"minecraft:walk_one_cm":368606,"minecraft:drop":12,"minecraft:damage_dealt":2129,"minecraft:swim_one_cm":17382,"minecraft:fly_one_cm":35293,"minecraft:talked_to_villager":2,"minecraft:play_time":143410,"minecraft:open_chest":1,"minecraft:crouch_one_cm":9082,"minecraft:sneak_time":4907,"minecraft:deaths":5,"minecraft:walk_under_water_one_cm":13355,"minecraft:jump":1450,"minecraft:walk_on_water_one_cm":39345,"minecraft:total_world_time":143410,"minecraft:fall_one_cm":30473},"minecraft:killed_by":{"minecraft:creeper":1,"minecraft:zombie":3},"minecraft:used":{"minecraft:azalea":1,"minecraft:stone_sword":13,"minecraft:tropical_fish":3,"minecraft:stone_pickaxe":412,"minecraft:spruce_planks":3,"minecraft:wooden_pickaxe":9,"minecraft:iron_sword":28,"minecraft:stone_hoe":131,"minecraft:torch":89,"minecraft:glow_berries":67,"minecraft:dirt":1,"minecraft:crafting_table":8,"minecraft:iron_hoe":306,"minecraft:wooden_axe":15,"minecraft:iron_axe":31,"minecraft:iron_pickaxe":201,"iceandfire:silver_hoe":266,"minecraft:cobblestone":80,"minecraft:purple_bed":2,"minecraft:sweet_berries":38,"alexsmobs:animal_dictionary":1},"minecraft:killed":{"minecraft:zombie_villager":1,"minecraft:skeleton":3,"minecraft:zombie":4,"alexsmobs:fly":1,"minecraft:enderman":1},"minecraft:crafted":{"minecraft:wooden_shovel":1,"iceandfire:silver_ingot":18,"minecraft:crafting_table":5,"minecraft:spruce_planks":124,"minecraft:wooden_pickaxe":3,"minecraft:air":0,"minecraft:iron_axe":1,"minecraft:stick":60,"minecraft:iron_hoe":2,"minecraft:iron_ingot":40,"minecraft:iron_pickaxe":1,"minecraft:stone_pickaxe":4,"minecraft:wooden_axe":1,"minecraft:stone_sword":2,"minecraft:gold_ingot":17,"minecraft:torch":60,"minecraft:stone_hoe":1,"iceandfire:silver_hoe":1},"minecraft:dropped":{"minecraft:moss_block":3,"minecraft:oak_trapdoor":1,"minecraft:raw_copper":3,"minecraft:iron_helmet":1,"minecraft:rotten_flesh":1,"minecraft:torch":1,"minecraft:wooden_axe":1,"minecraft:jack_o_lantern":2,"minecraft:wooden_shovel":1,"gravestone:obituary":1,"minecraft:wooden_pickaxe":1,"minecraft:spruce_sapling":3},"minecraft:broken":{"minecraft:stone_pickaxe":2,"minecraft:stone_hoe":1,"minecraft:iron_hoe":1}},"DataVersion":3465}